<Root dir="Test Folder\Personal" template="2021">
  <FoundedFiles count="13">
    <File nr="001">
      <Name>16_fd.bmp</Name>
      <Path>Test Folder\Personal\Joe Trumper\Requests\2021\09\16_fd.bmp</Path>
      <LastModifyDate>06.09.2021 13:15:58</LastModifyDate>
    </File>
    <File nr="002">
      <Name>Trumper01.txt</Name>
      <Path>Test Folder\Personal\Joe Trumper\Requests\2021\09\Trumper01.txt</Path>
      <LastModifyDate>06.09.2021 13:19:57</LastModifyDate>
    </File>
    <File nr="003">
      <Name>0003Copy.bmp</Name>
      <Path>Test Folder\Personal\Joe Trumper\Requests\2021\10\0003Copy.bmp</Path>
      <LastModifyDate>06.09.2021 13:15:58</LastModifyDate>
    </File>
    <File nr="004">
      <Name>Joe.txt</Name>
      <Path>Test Folder\Personal\Joe Trumper\Requests\2021\10\Joe.txt</Path>
      <LastModifyDate>06.09.2021 13:19:57</LastModifyDate>
    </File>
    <File nr="005">
      <Name>0001 - Copy.bmp</Name>
      <Path>Test Folder\Personal\John Smith\Requests\2021\09\0001 - Copy.bmp</Path>
      <LastModifyDate>06.09.2021 13:15:58</LastModifyDate>
    </File>
    <File nr="006">
      <Name>CR_06-09-12.txt</Name>
      <Path>Test Folder\Personal\John Smith\Requests\2021\09\CR_06-09-12.txt</Path>
      <LastModifyDate>06.09.2021 13:19:57</LastModifyDate>
    </File>
    <File nr="007">
      <Name>0002Copy.bmp</Name>
      <Path>Test Folder\Personal\John Smith\Requests\2021\10\0002Copy.bmp</Path>
      <LastModifyDate>06.09.2021 13:15:58</LastModifyDate>
    </File>
    <File nr="008">
      <Name>CR_06-10-12.txt</Name>
      <Path>Test Folder\Personal\John Smith\Requests\2021\10\CR_06-10-12.txt</Path>
      <LastModifyDate>06.09.2021 13:19:57</LastModifyDate>
    </File>
    <File nr="009">
      <Name>Test_Peter.txt</Name>
      <Path>Test Folder\Personal\Peter Parker\Requests\2021\01\Test_Peter.txt</Path>
      <LastModifyDate>06.09.2021 13:22:10</LastModifyDate>
    </File>
    <File nr="010">
      <Name>001313.jpeg</Name>
      <Path>Test Folder\Personal\Peter Parker\Requests\2021\09\001313.jpeg</Path>
      <LastModifyDate>06.09.2021 13:15:58</LastModifyDate>
    </File>
    <File nr="011">
      <Name>CR_11-09-12.txt</Name>
      <Path>Test Folder\Personal\Peter Parker\Requests\2021\09\CR_11-09-12.txt</Path>
      <LastModifyDate>06.09.2021 13:19:57</LastModifyDate>
    </File>
    <File nr="012">
      <Name>0003Copy.bmp</Name>
      <Path>Test Folder\Personal\Peter Parker\Requests\2021\10\0003Copy.bmp</Path>
      <LastModifyDate>06.09.2021 13:15:58</LastModifyDate>
    </File>
    <File nr="013">
      <Name>CR_16-10-12.txt</Name>
      <Path>Test Folder\Personal\Peter Parker\Requests\2021\10\CR_16-10-12.txt</Path>
      <LastModifyDate>06.09.2021 13:19:57</LastModifyDate>
    </File>
  </FoundedFiles>
</Root>